Player,Position,Country,Tackles,Tackles Won,Tackles Def 3rd,Tackles Mid 3rd,Tackles Att 3rd,Challenge Won,Challenges Lost,Positional Block,Positional Shot Block,Positional Pass Block,Interceptions,Clearances,Defensive Errors
Brenden Aaronson,MF, United States,3,2,1,1,1,0,0,5,0,5,1,0,0
Ali Abdi,DF, Tunisia,8,5,5,2,1,3,0,1,0,1,4,13,1
Salis Abdul Samed,MF, Ghana,2,2,0,2,0,0,1,2,1,1,4,8,0
Saud Abdulhamid,"DF,MF", Saudi Arabia,5,2,2,2,1,2,0,3,0,3,2,6,0
Nawaf Al Abed,MF, Saudi Arabia,0,0,0,0,0,0,0,0,0,0,1,0,0
Pape Abou Cissé,DF, Senegal,0,0,0,0,0,0,0,2,2,0,2,6,0
Vincent Aboubakar,FW, Cameroon,0,0,0,0,0,0,0,0,0,0,0,4,0
Abdulrahman Al-Aboud,"MF,DF", Saudi Arabia,3,3,2,1,0,1,4,0,0,0,0,0,0
Zakaria Aboukhlal,"FW,MF", Morocco,1,1,0,1,0,0,1,2,0,2,1,1,0
Kellyn Acosta,MF, United States,3,2,3,0,0,2,0,0,0,0,0,0,0
Marcos Acuña,"DF,FW", Argentina,12,8,9,2,1,6,1,8,1,7,2,9,0
Tyler Adams,MF, United States,11,9,7,4,0,3,4,6,0,6,4,6,0
Sam Adekugbe,DF, Canada,0,0,0,0,0,0,0,1,0,1,1,1,0
Michel Aebischer,"MF,FW", Switzerland,0,0,0,0,0,0,1,0,0,0,0,0,0
Akram Afif,FW, Qatar,0,0,0,0,0,0,1,0,0,0,0,0,0
Nayef Aguerd,DF, Morocco,4,2,4,0,0,2,0,3,2,1,4,12,0
Brandon Aguilera,MF, Costa Rica,2,0,2,0,0,2,2,1,0,1,1,0,0
Homam Ahmed,DF, Qatar,2,2,2,0,0,1,2,0,0,0,2,1,0
Manuel Akanji,DF, Switzerland,4,2,2,0,2,3,1,4,3,1,3,12,0
Nathan Aké,DF, Netherlands,6,3,4,2,0,3,0,3,2,1,8,20,0
Ahmed Alaaeldin,FW, Qatar,0,0,0,0,0,0,0,0,0,0,0,0,0
Jordi Alba,DF, Spain,6,4,2,4,0,2,3,2,0,2,3,2,0
Toby Alderweireld,DF, Belgium,4,2,4,0,0,2,3,3,1,2,0,19,0
Trent Alexander-Arnold,DF,g England,0,0,0,0,0,0,0,1,0,1,0,0,0
Almoez Ali,FW, Qatar,1,0,0,0,1,0,2,0,0,0,1,1,0
Alisson,GK, Brazil,0,0,0,0,0,0,0,0,0,0,0,2,0
Joe Allen,MF,s Wales,1,1,1,0,0,1,1,1,0,1,1,4,0
Thiago Almada,MF, Argentina,0,0,0,0,0,0,0,0,0,0,0,0,0
Roberto Alvarado,FW, Mexico,0,0,0,0,0,0,0,0,0,0,0,0,0
Edson Álvarez,MF, Mexico,3,2,2,1,0,1,2,1,0,1,4,2,0
Julián Álvarez,FW, Argentina,4,2,3,0,1,0,2,8,0,8,0,3,0
Kevin Álvarez,DF, Mexico,1,0,1,0,0,1,0,2,0,2,1,2,0
Dani Alves,DF, Brazil,5,4,2,2,1,2,3,1,1,0,2,2,0
Selim Amallah,MF, Morocco,13,9,4,6,3,6,5,6,1,5,8,3,0
Daniel Amartey,DF, Ghana,6,4,5,1,0,2,0,4,3,1,3,12,0
Ethan Ampadu,"MF,DF",s Wales,4,3,1,3,0,0,1,9,4,5,4,10,0
Sofyan Amrabat,MF, Morocco,16,10,15,1,0,9,5,2,1,1,6,10,0
Abdulelah Al-Amri,DF, Saudi Arabia,1,0,1,0,0,0,1,2,1,1,4,10,0
Joachim Andersen,DF, Denmark,4,2,2,1,1,0,2,2,1,1,0,12,0
Karim Ansarifard,"FW,MF", IR Iran,0,0,0,0,0,0,0,1,0,1,1,0,0
Antony,FW, Brazil,3,0,2,0,1,1,1,3,0,3,1,1,0
Uriel Antuna,"FW,MF", Mexico,4,3,1,2,1,2,0,1,0,1,0,0,0
Néstor Araujo,DF, Mexico,1,1,1,0,0,1,0,0,0,0,3,1,0
Takuma Asano,FW, Japan,0,0,0,0,0,0,0,0,0,0,1,1,0
Marco Asensio,FW, Spain,1,1,0,0,1,0,0,1,0,1,0,0,0
Ali Assadalla,MF, Qatar,0,0,0,0,0,0,0,1,0,1,0,0,0
Lawrence Ati-Zigi,GK, Ghana,0,0,0,0,0,0,0,0,0,0,0,0,0
Nathaniel Atkinson,DF, Australia,4,3,3,1,0,4,2,1,1,0,1,2,1
Yahya Attiat Allah,DF, Morocco,4,2,3,1,0,3,4,4,0,4,0,15,0
André Ayew,"MF,FW", Ghana,4,1,0,4,0,1,1,1,0,1,0,3,0
Jordan Ayew,FW, Ghana,3,3,1,2,0,0,1,0,0,0,1,1,0
Sardar Azmoun,FW, IR Iran,0,0,0,0,0,0,1,0,0,0,0,1,0
César Azpilicueta,DF, Spain,1,0,1,0,0,0,0,2,0,2,1,0,0
Srđan Babić,DF, Serbia,1,0,1,0,0,1,2,0,0,0,0,1,0
Keanu Baccus,MF, Australia,1,1,1,0,0,0,2,5,0,5,2,1,0
Alexander Bah,DF, Denmark,4,4,2,1,1,2,1,2,0,2,2,0,0
Hattan Bahebri,MF, Saudi Arabia,0,0,0,0,0,0,0,0,0,0,0,0,0
Alejandro Balde,DF, Spain,6,6,2,2,2,2,0,2,0,2,0,2,0
Gareth Bale,FW,s Wales,1,1,1,0,0,0,2,1,0,1,1,1,0
Fodé Ballo-Touré,DF, Senegal,0,0,0,0,0,0,0,1,0,1,0,0,0
Badr Banoun,DF, Morocco,0,0,0,0,0,0,0,1,0,1,1,3,0
Borna Barišić,DF, Croatia,1,1,0,1,0,1,0,1,0,1,0,4,0
Meshaal Barsham,GK, Qatar,0,0,0,0,0,0,0,0,0,0,0,1,1
Christian Bassogog,MF, Cameroon,0,0,0,0,0,0,0,0,0,0,1,0,0
Michy Batshuayi,FW, Belgium,1,0,0,1,0,1,0,1,0,1,0,0,0
Jan Bednarek,DF, Poland,0,0,0,0,0,0,0,0,0,0,0,0,0
Aziz Behich,DF, Australia,8,3,5,3,0,5,1,6,2,4,3,12,0
Alireza Beiranvand,GK, IR Iran,0,0,0,0,0,0,0,0,0,0,0,2,0
Jude Bellingham,MF,g England,16,15,5,6,5,5,1,10,0,10,5,0,0
Anis Ben Slimane,MF, Tunisia,3,1,2,1,0,0,0,2,0,2,1,1,0
Jewison Bennette,MF, Costa Rica,0,0,0,0,0,0,3,2,0,2,0,0,0
Rodrigo Bentancur,MF, Uruguay,9,8,4,4,1,3,0,3,0,3,7,5,0
Bartosz Bereszyński,DF, Poland,6,2,6,0,0,3,3,4,1,3,2,17,0
Steven Berghuis,MF, Netherlands,2,1,1,0,1,1,1,1,0,1,0,0,0
Steven Bergwijn,FW, Netherlands,1,1,1,0,0,0,1,2,0,2,0,0,0
Krystian Bielik,MF, Poland,5,3,1,3,1,2,2,1,0,1,5,6,0
Daley Blind,DF, Netherlands,14,9,6,5,3,6,3,6,1,5,5,4,0
Celso Borges,MF, Costa Rica,5,1,2,3,0,2,3,8,3,5,4,7,0
Milan Borjan,GK, Canada,0,0,0,0,0,0,0,0,0,0,0,2,1
Karim Boudiaf,MF, Qatar,2,1,0,2,0,2,3,0,0,0,0,3,0
Sofiane Boufal,FW, Morocco,11,5,7,4,0,3,3,9,0,9,2,1,0
Yassine Bounou,GK, Morocco,0,0,0,0,0,0,0,0,0,0,0,5,0
Martin Braithwaite,"FW,MF", Denmark,0,0,0,0,0,0,0,0,0,0,0,0,0
Mohammed Al-Breik,DF, Saudi Arabia,1,0,1,0,0,0,0,2,0,2,1,4,0
Gleison Bremer,DF, Brazil,1,1,1,0,0,0,1,1,0,1,1,6,0
Dylan Bronn,DF, Tunisia,4,2,1,2,1,3,0,2,1,1,0,0,0
Marcelo Brozović,MF, Croatia,13,7,8,2,3,3,7,13,7,6,4,7,0
Tajon Buchanan,"MF,DF", Canada,1,1,1,0,0,1,4,3,0,3,3,0,0
Ante Budimir,FW, Croatia,1,1,0,1,0,0,0,0,0,0,0,1,0
Osman Bukari,MF, Ghana,0,0,0,0,0,0,0,0,0,0,1,1,0
Ali Al-Bulaihi,DF, Saudi Arabia,4,2,2,2,0,2,2,1,1,0,3,1,0
Firas Al-Buraikan,"MF,FW", Saudi Arabia,3,3,2,0,1,2,0,5,2,3,2,4,0
Sergio Busquets,MF, Spain,7,4,3,3,1,3,2,2,0,2,1,1,0
Martín Cáceres,DF, Uruguay,0,0,0,0,0,0,2,0,0,0,0,2,0
Moisés Caicedo,MF, Ecuador,6,5,2,4,0,0,3,4,0,4,2,2,1
Francisco Calvo,DF, Costa Rica,7,4,6,1,0,4,3,3,1,2,2,2,0
Eduardo Camavinga,DF, France,14,9,7,5,2,4,1,4,0,4,3,6,0
Joel Campbell,"FW,MF", Costa Rica,9,5,2,5,2,1,1,3,0,3,0,4,0
João Cancelo,DF, Portugal,7,3,1,2,4,4,1,1,1,0,2,8,0
Agustín Canobbio,MF, Uruguay,1,1,1,0,0,0,0,1,0,1,0,0,0
Yannick Carrasco,"FW,DF", Belgium,5,4,4,0,1,5,2,2,0,2,1,4,0
Cameron Carter-Vickers,DF, United States,0,0,0,0,0,0,0,1,0,1,0,4,0
Dani Carvajal,DF, Spain,1,1,1,0,0,0,2,0,0,0,2,1,0
William Carvalho,MF, Portugal,6,5,4,2,0,1,1,2,0,2,0,3,0
Casemiro,MF, Brazil,11,4,3,5,3,4,2,13,2,11,7,5,0
Matty Cash,DF, Poland,4,3,3,1,0,3,3,7,2,5,0,17,0
Timothy Castagne,DF, Belgium,7,4,6,1,0,4,2,1,0,1,2,4,0
Jean-Charles Castelletto,DF, Cameroon,3,3,2,1,0,0,1,2,1,1,6,12,0
Lucas Cavallini,FW, Canada,0,0,0,0,0,0,0,0,0,0,0,0,0
Edinson Cavani,FW, Uruguay,0,0,0,0,0,0,0,0,0,0,0,0,0
Ghaylène Chaalali,MF, Tunisia,0,0,0,0,0,0,0,1,0,1,2,1,0
Daniel Chacón,MF, Costa Rica,0,0,0,0,0,0,0,0,0,0,0,1,0
Ilias Chair,MF, Morocco,1,0,0,1,0,0,1,0,0,0,0,0,0
Kwon Chang-hoon,"FW,MF", Korea Republic,1,0,0,1,0,1,0,0,0,0,0,0,0
Luis Chávez,MF, Mexico,1,0,0,1,0,1,3,6,0,6,1,3,0
Walid Cheddira,FW, Morocco,1,0,0,1,0,0,0,0,0,0,0,2,0
Roozbeh Cheshmi,"DF,MF", IR Iran,0,0,0,0,0,0,0,1,1,0,2,3,0
Andreas Christensen,DF, Denmark,4,2,1,3,0,2,0,7,5,2,4,9,0
Hong Chul,DF, Korea Republic,0,0,0,0,0,0,0,2,1,1,1,1,0
José Cifuentes,MF, Ecuador,2,2,1,1,0,0,2,1,0,1,0,1,0
Pathé Ciss,MF, Senegal,3,3,1,2,0,0,2,1,1,0,2,4,0
Sebastián Coates,DF, Uruguay,1,0,0,1,0,0,0,3,1,2,1,6,0
Rubin Colwill,MF,s Wales,0,0,0,0,0,0,1,1,0,1,0,0,0
Kingsley Coman,"FW,MF", France,3,2,1,2,0,1,1,3,0,3,2,1,0
Eray Cömert,DF, Switzerland,0,0,0,0,0,0,1,1,0,1,2,2,0
Anthony Contreras,"FW,MF", Costa Rica,5,2,3,2,0,1,0,0,0,0,1,0,0
Andreas Cornelius,FW, Denmark,0,0,0,0,0,0,0,0,0,0,0,1,0
Ángel Correa,MF, Argentina,1,1,1,0,0,0,0,0,0,0,0,1,0
Diogo Costa,GK, Portugal,1,0,1,0,0,0,0,0,0,0,0,4,1
Thibaut Courtois,GK, Belgium,0,0,0,0,0,0,0,0,0,0,0,0,1
Jason Cummings,FW, Australia,0,0,0,0,0,0,0,0,0,0,0,0,0
Aymen Dahmen,GK, Tunisia,0,0,0,0,0,0,0,0,0,0,0,2,0
Diogo Dalot,DF, Portugal,8,6,7,1,0,8,0,7,2,5,2,1,0
Mikkel Damsgaard,"MF,FW", Denmark,4,2,2,2,0,0,4,2,0,2,2,1,0
Danilo,DF, Brazil,5,2,2,2,1,2,1,2,1,1,3,5,1
Achraf Dari,DF, Morocco,1,0,1,0,0,1,2,7,4,3,5,9,0
Jonathan David,"FW,MF", Canada,1,1,0,1,0,0,0,0,0,0,0,0,0
Alphonso Davies,"MF,DF", Canada,2,1,0,1,1,0,1,5,0,5,3,1,0
Ben Davies,DF,s Wales,4,2,0,2,2,2,0,4,2,2,1,8,1
Nasser Al-Dawsari,FW, Saudi Arabia,2,1,2,0,0,0,0,0,0,0,0,0,0
Salem Al-Dawsari,MF, Saudi Arabia,5,4,3,2,0,1,1,1,0,1,1,2,0
Giorgian De Arrascaeta,MF, Uruguay,3,1,2,1,0,0,4,1,0,1,2,1,0
Kevin De Bruyne,"FW,MF", Belgium,1,1,1,0,0,0,2,2,0,2,0,3,0
Charles De Ketelaere,FW, Belgium,0,0,0,0,0,0,0,0,0,0,0,0,0
Nicolás De La Cruz,MF, Uruguay,0,0,0,0,0,0,1,0,0,0,0,0,0
Rodrigo De Paul,MF, Argentina,11,6,6,4,1,8,5,8,0,8,7,3,0
Miloš Degenek,DF, Australia,6,4,6,0,0,5,1,2,1,1,1,9,0
Thomas Delaney,MF, Denmark,1,1,0,1,0,0,0,0,0,0,0,1,0
Ousmane Dembélé,FW, France,11,6,5,3,3,6,3,3,0,3,2,0,0
Leander Dendoncker,"DF,MF", Belgium,6,3,4,2,0,4,0,4,3,1,0,5,0
Sergiño Dest,DF, United States,4,2,2,1,1,2,1,3,0,3,2,7,0
Ángel Di María,"MF,FW", Argentina,3,1,2,0,1,1,2,3,0,3,1,0,0
Boulaye Dia,FW, Senegal,1,0,0,1,0,0,0,1,0,1,1,3,0
Abdou Diallo,DF, Senegal,2,2,2,0,0,2,0,1,1,0,1,10,0
Rúben Dias,DF, Portugal,4,4,2,2,0,0,1,2,0,2,3,9,0
Krépin Diatta,"FW,MF", Senegal,0,0,0,0,0,0,0,1,0,1,0,0,0
Famara Diedhiou,FW, Senegal,0,0,0,0,0,0,1,0,0,0,0,2,0
Bamba Dieng,FW, Senegal,2,1,1,1,0,1,0,2,0,2,0,0,0
Eric Dier,DF,g England,1,1,0,1,0,0,0,0,0,0,0,0,0
Axel Disasi,DF, France,3,2,1,2,0,0,2,0,0,0,3,4,0
Alexander Djiku,"DF,FW", Ghana,1,1,1,0,0,1,0,0,0,0,2,9,0
Ritsu Doan,FW, Japan,6,5,1,4,1,1,2,4,1,3,3,2,0
Jeremy Doku,"MF,FW", Belgium,0,0,0,0,0,0,0,0,0,0,0,0,0
Kasper Dolberg,FW, Denmark,1,1,0,1,0,0,1,0,0,0,0,1,0
Mohamed Dräger,DF, Tunisia,5,3,3,2,0,4,0,0,0,0,1,4,0
Óscar Duarte,DF, Costa Rica,4,2,4,0,0,2,0,3,1,2,6,15,0
Mitchell Duke,FW, Australia,0,0,0,0,0,0,0,5,0,5,2,1,0
Denzel Dumfries,DF, Netherlands,8,5,7,1,0,5,1,5,1,4,7,6,0
Paulo Dybala,FW, Argentina,3,1,0,2,1,0,0,0,0,0,0,1,0
Enzo Ebosse,DF, Cameroon,4,2,4,0,0,1,0,1,0,1,0,5,0
Ederson,GK, Brazil,0,0,0,0,0,0,0,0,0,0,0,0,0
Jorge Eduardo Sánchez,DF, Mexico,1,0,1,0,0,1,0,2,0,2,3,8,0
Nico Elvedi,DF, Switzerland,2,0,1,0,1,1,2,5,3,2,1,13,0
Breel Embolo,FW, Switzerland,1,0,0,0,1,1,1,2,0,2,0,1,0
Youssef En-Nesyri,FW, Morocco,3,2,2,1,0,0,2,5,0,5,1,11,0
Wataru Endo,MF, Japan,8,4,4,4,0,3,2,8,3,5,3,6,0
Devis Epassy,GK, Cameroon,0,0,0,0,0,0,0,0,0,0,0,2,0
Christian Eriksen,MF, Denmark,1,0,0,1,0,0,0,5,2,3,0,1,0
Michael Estrada,FW, Ecuador,1,0,0,1,0,0,1,4,1,3,0,0,0
Pervis Estupiñán,DF, Ecuador,6,3,4,2,0,2,4,4,1,3,3,6,0
Stephen Eustáquio,MF, Canada,4,2,2,2,0,1,2,0,0,0,2,6,0
Saeid Ezatolahi,MF, IR Iran,6,1,1,3,2,2,6,3,0,3,2,4,0
Abdessamad Ezzalzouli,"FW,MF", Morocco,3,2,2,1,0,1,0,4,1,3,0,3,0
Fabinho,MF, Brazil,3,2,1,2,0,2,0,0,0,0,1,2,0
Collins Fai,DF, Cameroon,5,2,2,2,1,3,3,2,0,2,4,7,0
Salman Al-Faraj,MF, Saudi Arabia,1,0,0,1,0,0,1,2,0,2,0,0,0
Christian Fassnacht,FW, Switzerland,0,0,0,0,0,0,0,0,0,0,0,1,0
Abdul Fatawu Issahaku,FW, Ghana,0,0,0,0,0,0,0,0,0,0,0,0,0
Ansu Fati,FW, Spain,1,1,0,0,1,0,0,0,0,0,0,0,0
João Félix,FW, Portugal,4,2,2,2,0,0,3,0,0,0,1,1,0
Bruno Fernandes,"FW,MF", Portugal,4,3,3,1,0,0,3,7,1,6,2,4,0
Edimilson Fernandes,"FW,DF", Switzerland,2,1,1,0,1,0,1,3,0,3,2,3,0
Enzo Fernández,MF, Argentina,22,15,15,5,2,13,10,7,1,6,3,7,0
Jesús Ferreira,FW, United States,1,0,1,0,0,1,0,0,0,0,0,0,0
Phil Foden,"FW,MF",g England,1,1,0,0,1,0,1,2,0,2,1,0,0
Youssouf Fofana,MF, France,8,5,3,4,1,1,3,6,1,5,3,0,0
Juan Foyth,DF, Argentina,0,0,0,0,0,0,0,0,0,0,0,0,0
Alan Franco,MF, Ecuador,1,0,0,1,0,0,1,0,0,0,2,1,0
Przemysław Frankowski,MF, Poland,7,4,4,1,2,2,4,1,1,0,3,5,0
Fred,MF, Brazil,3,3,1,1,1,1,1,1,1,0,0,3,0
Fabian Frei,MF, Switzerland,1,1,1,0,0,0,1,0,0,0,1,0,0
Remo Freuler,MF, Switzerland,8,5,3,5,0,4,2,3,0,3,3,3,1
Keysher Fuller,"DF,MF", Costa Rica,4,4,3,1,0,3,4,2,0,2,3,9,0
Niclas Füllkrug,FW, Germany,0,0,0,0,0,0,0,0,0,0,0,0,0
Rogelio Funes Mori,FW, Mexico,1,0,0,1,0,0,0,0,0,0,0,0,0
Cody Gakpo,"FW,MF", Netherlands,8,2,3,2,3,3,1,10,1,9,3,6,0
Hernán Galíndez,GK, Ecuador,0,0,0,0,0,0,0,0,0,0,0,0,0
Jesús Gallardo,DF, Mexico,9,5,5,4,0,3,5,5,1,4,1,10,0
Idrissa Gana Gueye,MF, Senegal,2,1,1,1,0,0,1,3,0,3,5,3,0
Gavi,MF, Spain,8,4,1,7,0,2,3,3,0,3,1,2,0
Sultan Al-Ghanam,"DF,MF", Saudi Arabia,0,0,0,0,0,0,1,3,1,2,2,3,0
Nader Ghandri,DF, Tunisia,2,2,2,0,0,1,0,4,4,0,1,4,0
Saman Ghoddos,MF, IR Iran,1,0,1,0,0,0,1,0,0,0,0,0,0
Ali Gholizadeh,"MF,FW", IR Iran,0,0,0,0,0,0,2,5,0,5,3,2,0
Matthias Ginter,DF, Germany,0,0,0,0,0,0,0,0,0,0,0,0,0
Olivier Giroud,FW, France,1,0,0,1,0,0,3,1,0,1,1,5,0
Kamil Glik,DF, Poland,2,1,1,1,0,2,1,2,1,1,3,23,0
Serge Gnabry,"FW,MF", Germany,5,2,1,2,2,4,1,2,0,2,2,3,0
Diego Godín,DF, Uruguay,0,0,0,0,0,0,0,0,0,0,1,9,0
Maxi Gómez,FW, Uruguay,0,0,0,0,0,0,0,0,0,0,0,0,0
Papu Gómez,"MF,FW", Argentina,2,0,0,1,1,0,1,1,0,1,1,0,0
Shūichi Gonda,GK, Japan,0,0,0,0,0,0,0,0,0,0,0,1,1
Craig Goodwin,MF, Australia,4,3,1,2,1,2,3,3,0,3,0,3,0
Leon Goretzka,MF, Germany,5,3,2,3,0,2,0,1,0,1,1,0,0
Mario Götze,MF, Germany,1,0,1,0,0,1,0,2,0,2,0,0,0
Jack Grealish,FW,g England,3,1,2,1,0,0,0,2,0,2,3,1,0
Antoine Griezmann,MF, France,14,8,9,5,0,3,2,8,3,5,8,7,0
Kamil Grosicki,MF, Poland,0,0,0,0,0,0,0,0,0,0,0,0,0
Carlos Gruezo,MF, Ecuador,2,2,0,2,0,1,1,0,0,0,0,0,0
Marko Grujić,MF, Serbia,1,1,1,0,0,1,1,0,0,0,0,1,0
Andrés Guardado,MF, Mexico,4,2,0,4,0,2,1,0,0,0,0,1,0
Nemanja Gudelj,"MF,DF", Serbia,2,2,1,0,1,2,0,2,0,2,2,1,1
Mattéo Guendouzi,"FW,MF", France,1,1,0,1,0,0,1,0,0,0,0,0,0
Raphaël Guerreiro,DF, Portugal,3,2,2,1,0,1,1,3,0,3,3,2,0
Cho Guesung,FW, Korea Republic,0,0,0,0,0,0,2,3,0,3,0,3,0
Pape Gueye,MF, Senegal,4,2,0,4,0,2,0,2,0,2,2,2,0
Bruno Guimarães,MF, Brazil,0,0,0,0,0,0,0,1,0,1,0,0,0
İlkay Gündoğan,MF, Germany,3,1,1,2,0,0,1,2,0,2,1,1,0
Erick Gutiérrez,MF, Mexico,1,1,0,1,0,1,2,0,0,0,2,1,0
Joško Gvardiol,DF, Croatia,9,6,5,4,0,5,3,8,4,4,11,37,0
Asiri Haitham,FW, Saudi Arabia,0,0,0,0,0,0,1,2,0,2,0,1,0
Ehsan Hajsafi,"MF,DF", IR Iran,6,3,2,3,1,3,2,3,0,3,2,2,0
Achraf Hakimi,DF, Morocco,26,17,15,10,1,17,11,7,1,6,9,12,0
Abderrazak Hamdallah,FW, Morocco,0,0,0,0,0,0,1,0,0,0,0,2,0
Abdelkarim Hassan,DF, Qatar,7,3,5,2,0,3,1,3,1,2,1,5,0
Ali Al Hassan,MF, Saudi Arabia,2,1,0,2,0,1,0,2,1,1,0,1,0
Abdulaziz Hatem,MF, Qatar,1,1,0,0,1,1,1,0,0,0,1,0,0
Kai Havertz,FW, Germany,1,1,0,1,0,0,1,0,0,0,1,0,0
Hassan Al-Haydos,MF, Qatar,4,1,2,2,0,2,6,0,0,0,2,1,0
Eden Hazard,MF, Belgium,0,0,0,0,0,0,0,1,0,1,1,0,0
Thorgan Hazard,FW, Belgium,3,2,2,0,1,0,2,4,0,4,0,0,0
Hwang Hee-chan,"MF,FW", Korea Republic,1,1,1,0,0,0,0,0,0,0,0,0,0
Jordan Henderson,MF,g England,4,2,2,2,0,2,0,3,1,2,1,0,0
Wayne Hennessey,GK,s Wales,0,0,0,0,0,0,0,0,0,0,0,0,0
Lucas Hernández,DF, France,1,1,0,1,0,1,1,0,0,0,0,0,0
Theo Hernández,DF, France,16,13,11,5,0,10,5,5,2,3,4,8,1
Héctor Herrera,MF, Mexico,4,3,2,2,0,2,2,1,0,1,3,0,0
Son Heung-min,"FW,MF", Korea Republic,5,2,4,1,0,4,0,2,0,2,2,0,1
Piero Hincapié,DF, Ecuador,7,4,5,2,0,2,1,2,0,2,2,9,0
Jonas Hofmann,FW, Germany,0,0,0,0,0,0,1,2,0,2,0,0,0
Junior Hoilett,"FW,MF", Canada,8,4,1,2,5,3,1,0,0,0,1,0,0
Martin Hongla,MF, Cameroon,0,0,0,0,0,0,0,2,1,1,2,3,0
Ricardo Horta,FW, Portugal,2,1,1,0,1,1,0,1,1,0,1,0,0
Hossein Hosseini,GK, IR Iran,0,0,0,0,0,0,0,0,0,0,0,0,0
Majid Hosseini,DF, IR Iran,7,4,6,1,0,6,3,3,2,1,6,11,0
Ajdin Hrustic,"MF,FW", Australia,2,0,1,1,0,1,0,0,0,0,1,1,0
Atiba Hutchinson,MF, Canada,4,1,4,0,0,2,0,3,0,3,1,3,0
Pierre Højbjerg,MF, Denmark,4,2,2,2,0,3,3,3,1,2,3,6,0
Romario Ibarra,MF, Ecuador,0,0,0,0,0,0,0,1,0,1,1,2,0
Ivan Ilić,MF, Serbia,0,0,0,0,0,0,0,0,0,0,1,0,0
Hwang In-beom,MF, Korea Republic,4,3,0,3,1,3,3,1,0,1,3,2,0
Jackson Irvine,"MF,FW", Australia,4,2,1,3,0,2,2,7,0,7,3,8,0
Ko Itakura,DF, Japan,9,5,4,4,1,3,1,1,0,1,4,16,0
Hiroki Ito,DF, Japan,0,0,0,0,0,0,0,0,0,0,0,0,0
Junya Ito,"MF,FW", Japan,7,4,3,3,1,5,4,4,1,3,5,6,0
Yahya Jabrane,MF, Morocco,0,0,0,0,0,0,1,0,0,0,0,0,0
Nicolas Jackson,FW, Senegal,0,0,0,0,0,0,0,0,0,0,0,0,0
Lee Jae-sung,"MF,FW", Korea Republic,5,2,1,2,2,1,7,3,0,3,3,2,0
Alireza Jahanbakhsh,MF, IR Iran,1,1,0,1,0,0,1,2,0,2,1,0,0
Kristijan Jakić,FW, Croatia,0,0,0,0,0,0,0,0,0,0,0,0,0
Ismail Jakobs,DF, Senegal,0,0,0,0,0,0,1,3,0,3,4,14,0
Abolfazl Jalali,DF, IR Iran,0,0,0,0,0,0,0,0,0,0,0,1,0
Daniel James,"FW,MF",s Wales,1,1,0,0,1,0,1,2,0,2,0,1,0
Vincent Janssen,FW, Netherlands,2,0,0,1,1,0,1,2,0,2,0,1,0
Ardon Jashari,FW, Switzerland,0,0,0,0,0,0,0,0,0,0,0,0,0
Issam Jebali,FW, Tunisia,3,3,1,1,1,0,1,1,0,1,0,3,0
Artur Jędrzejczyk,DF, Poland,0,0,0,0,0,0,0,0,0,0,0,1,0
Mathias Jensen,MF, Denmark,1,0,0,1,0,1,0,2,0,2,0,0,0
Gabriel Jesus,FW, Brazil,2,1,0,1,1,0,0,0,0,0,2,0,0
Raúl Jiménez,FW, Mexico,0,0,0,0,0,0,0,0,0,0,1,1,0
Kim Jin-su,DF, Korea Republic,10,5,6,2,2,5,1,2,0,2,3,5,0
Brennan Johnson,"FW,MF",s Wales,0,0,0,0,0,0,2,1,0,1,0,1,0
Alistair Johnston,DF, Canada,5,3,5,0,0,2,5,6,1,5,2,4,0
Frenkie de Jong,MF, Netherlands,12,5,4,5,3,1,2,6,3,3,6,3,0
Luuk de Jong,FW, Netherlands,2,1,0,2,0,0,0,0,0,0,0,1,0
Luka Jović,FW, Serbia,0,0,0,0,0,0,0,1,0,1,1,0,0
Son Jun-ho,"MF,DF", Korea Republic,3,3,0,3,0,2,0,3,1,2,3,0,0
Vinicius Júnior,FW, Brazil,3,1,1,1,1,0,2,5,1,4,0,0,0
Josip Juranović,DF, Croatia,12,8,9,3,0,8,0,5,3,2,3,15,0
Daichi Kamada,"FW,MF", Japan,7,3,2,4,1,3,3,3,0,3,0,3,0
Jakub Kamiński,MF, Poland,6,1,3,3,0,3,1,4,1,3,0,2,0
Hossein Kanaanizadegan,DF, IR Iran,0,0,0,0,0,0,2,1,1,0,1,2,0
Harry Kane,FW,g England,2,1,1,1,0,1,0,2,1,1,0,5,0
Lee Kang-in,"MF,FW", Korea Republic,4,3,1,2,1,2,3,0,0,0,0,0,0
Mohamed Kanno,"MF,FW", Saudi Arabia,6,2,5,1,0,1,1,3,1,2,2,7,0
Fran Karačić,DF, Australia,2,1,2,0,0,1,0,2,1,1,2,3,0
Ali Karimi,MF, IR Iran,3,3,3,0,0,1,1,0,0,0,3,1,0
Mark-Anthony Kaye,MF, Canada,2,1,1,1,0,2,1,0,0,0,0,0,0
Wajdi Kechrida,DF, Tunisia,3,3,3,0,0,1,0,3,1,2,0,4,0
Thilo Kehrer,DF, Germany,6,2,4,1,1,3,0,1,0,1,3,2,0
Bilal El Khannouss,MF, Morocco,0,0,0,0,0,0,1,1,0,1,0,2,0
Wahbi Khazri,"FW,MF", Tunisia,2,0,1,1,0,1,0,0,0,0,0,0,0
Musab Kheder,DF, Qatar,1,1,1,0,0,0,0,0,0,0,0,0,0
Boualem Khoukhi,DF, Qatar,2,2,2,0,0,1,1,6,2,4,3,18,1
Joshua Kimmich,"MF,DF", Germany,5,2,3,2,0,3,3,6,1,5,3,1,0
Jakub Kiwior,DF, Poland,2,1,2,0,0,1,0,4,2,2,4,15,2
Simon Kjær,DF, Denmark,0,0,0,0,0,0,0,1,1,0,5,2,0
Davy Klaassen,"MF,FW", Netherlands,3,2,2,1,0,1,0,2,0,2,1,2,0
Lukas Klostermann,DF, Germany,3,1,0,3,0,2,1,0,0,0,0,1,0
Gregor Kobel,GK, Switzerland,0,0,0,0,0,0,0,0,0,0,0,0,0
Koke,MF, Spain,1,1,0,1,0,0,0,0,0,0,0,0,0
Randal Kolo Muani,FW, France,7,5,1,3,3,3,0,1,0,1,1,1,0
Ibrahima Konaté,DF, France,15,6,11,4,0,5,0,5,2,3,7,16,0
Ismaël Koné,"MF,DF", Canada,0,0,0,0,0,0,2,0,0,0,0,0,0
Teun Koopmeiners,MF, Netherlands,10,5,2,8,0,5,3,2,1,1,4,4,0
Filip Kostić,DF, Serbia,6,3,2,1,3,2,0,3,0,3,0,1,0
Kalidou Koulibaly,DF, Senegal,12,9,10,2,0,7,4,4,1,3,2,30,0
Jules Koundé,DF, France,11,8,9,1,1,7,5,7,4,3,5,8,0
Cheikhou Kouyaté,MF, Senegal,0,0,0,0,0,0,0,2,1,1,2,4,0
Mateo Kovačić,MF, Croatia,24,17,10,11,3,4,7,4,1,3,4,5,0
Andrej Kramarić,"FW,MF", Croatia,3,2,0,1,2,0,1,6,0,6,0,0,0
Grzegorz Krychowiak,MF, Poland,9,4,2,5,2,1,6,5,3,2,5,4,0
Takefusa Kubo,FW, Japan,1,1,0,1,0,0,0,3,0,3,0,0,0
Pierre Kunde,MF, Cameroon,4,2,3,1,0,0,2,0,0,0,4,4,0
Garang Kuol,"FW,MF", Australia,0,0,0,0,0,0,0,0,0,0,1,0,0
Daniel Kyereh,"MF,DF", Ghana,2,2,1,1,0,1,0,0,0,0,0,4,0
Kwon Kyung-won,DF, Korea Republic,0,0,0,0,0,0,0,1,1,0,2,5,0
Aïssa Laïdouni,MF, Tunisia,3,3,3,0,0,1,1,7,1,6,4,6,0
Tariq Lamptey,DF, Ghana,3,1,3,0,0,3,1,1,1,0,1,4,0
Noa Lang,MF, Netherlands,0,0,0,0,0,0,1,1,1,0,1,1,0
Aymeric Laporte,DF, Spain,2,0,2,0,0,1,0,0,0,0,3,7,0
Cyle Larin,FW, Canada,0,0,0,0,0,0,1,0,0,0,0,2,0
Richie Laryea,"DF,MF", Canada,3,1,1,2,0,2,0,2,1,1,0,3,0
Darko Lazović,DF, Serbia,0,0,0,0,0,0,0,0,0,0,0,0,0
Rafael Leão,FW, Portugal,0,0,0,0,0,0,0,0,0,0,1,0,0
Mathew Leckie,"MF,FW", Australia,4,4,1,3,0,2,3,5,0,5,1,6,0
Robert Lewandowski,FW, Poland,2,2,0,2,0,0,3,3,1,2,1,8,0
Matthijs de Ligt,DF, Netherlands,0,0,0,0,0,0,0,0,0,0,0,4,0
Jesper Lindstrøm,"MF,FW", Denmark,1,1,0,1,0,1,2,4,0,4,1,1,0
Marko Livaja,FW, Croatia,2,2,0,1,1,1,2,1,0,1,1,1,0
Dominik Livaković,GK, Croatia,0,0,0,0,0,0,1,0,0,0,0,0,0
Marcos Llorente,DF, Spain,0,0,0,0,0,0,4,0,0,0,0,0,0
Hugo Lloris,GK, France,0,0,0,0,0,0,0,0,0,0,0,3,0
Dejan Lovren,DF, Croatia,7,2,5,1,1,3,2,7,5,2,6,29,0
Hirving Lozano,FW, Mexico,7,2,1,5,1,3,1,4,0,4,0,1,0
Romelu Lukaku,FW, Belgium,0,0,0,0,0,0,0,0,0,0,0,1,0
Saša Lukić,MF, Serbia,2,0,0,2,0,0,2,2,0,2,1,5,1
Ali Maâloul,DF, Tunisia,1,1,0,1,0,1,0,2,0,2,0,4,0
Awer Mabil,MF, Australia,0,0,0,0,0,0,0,1,0,1,1,0,0
Alexis Mac Allister,MF, Argentina,9,4,3,5,1,4,3,13,1,12,3,6,0
Jamie Maclaren,FW, Australia,0,0,0,0,0,0,3,0,0,0,1,0,0
Assim Madibo,MF, Qatar,6,3,3,3,0,1,4,6,1,5,2,0,0
Abdullah Madu,"DF,MF", Saudi Arabia,1,0,1,0,0,0,0,3,2,1,0,2,0
Daizen Maeda,FW, Japan,3,2,1,2,0,0,1,4,0,4,3,0,0
Harry Maguire,DF,g England,7,3,4,3,0,1,1,4,3,1,4,18,0
Lovro Majer,"MF,FW", Croatia,3,1,1,2,0,2,1,1,0,1,0,2,0
Nemanja Maksimović,MF, Serbia,4,2,0,3,1,2,1,3,0,3,3,3,0
Abdulellah Al-Malki,MF, Saudi Arabia,3,1,3,0,0,1,2,3,0,3,2,4,1
Steve Mandanda,GK, France,0,0,0,0,0,0,0,0,0,0,0,0,0
José María Giménez,DF, Uruguay,4,1,3,1,0,2,5,6,5,1,7,11,0
João Mário,"FW,MF", Portugal,2,1,0,1,1,2,1,2,0,2,0,0,0
Marquinhos,DF, Brazil,5,4,3,2,0,4,1,6,1,5,2,6,0
Henry Martín,FW, Mexico,1,1,1,0,0,1,1,2,0,2,2,1,0
Gabriel Martinelli,FW, Brazil,2,1,1,1,0,1,1,2,0,2,0,1,0
Carlos Martínez,DF, Costa Rica,1,1,0,1,0,1,1,1,0,1,1,1,0
Emiliano Martínez,GK, Argentina,0,0,0,0,0,0,0,0,0,0,0,4,0
Lautaro Martínez,FW, Argentina,0,0,0,0,0,0,0,1,1,0,1,0,0
Lisandro Martínez,DF, Argentina,6,2,4,2,0,2,0,3,1,2,3,14,0
Pape Matar Sarr,MF, Senegal,3,2,1,2,0,1,0,1,0,1,0,2,0
Rónald Matarrita,"DF,MF", Costa Rica,0,0,0,0,0,0,0,1,0,1,0,0,0
Eric Maxim Choupo-Moting,"FW,MF", Cameroon,4,2,1,3,0,1,1,0,0,0,1,1,0
Noussair Mazraoui,DF, Morocco,14,9,8,4,2,8,3,6,1,5,1,16,0
Kylian Mbappé,FW, France,0,0,0,0,0,0,0,0,0,0,0,0,0
Bryan Mbeumo,"FW,MF", Cameroon,0,0,0,0,0,0,0,1,0,1,1,2,0
Riley McGree,"FW,MF", Australia,2,1,1,0,1,0,1,5,0,5,5,3,0
Weston McKennie,MF, United States,2,1,1,0,1,1,3,4,0,4,0,5,0
Hannibal Mejbri,MF, Tunisia,1,0,1,0,0,0,0,0,0,0,1,0,0
Memphis,FW, Netherlands,1,1,0,1,0,1,1,4,0,4,1,0,1
Nuno Mendes,DF, Portugal,0,0,0,0,0,0,0,1,0,1,2,0,0
Jhegson Méndez,MF, Ecuador,2,2,1,1,0,1,0,4,0,4,1,1,0
Edouard Mendy,GK, Senegal,0,0,0,0,0,0,0,1,0,1,0,3,1
Nampalys Mendy,MF, Senegal,4,4,3,1,0,2,2,4,0,4,3,3,0
Gideon Mensah,DF, Ghana,1,1,0,1,0,1,0,1,1,0,2,5,0
Chris Mepham,DF,s Wales,8,6,3,5,0,5,1,3,2,1,1,16,0
Yassine Meriah,DF, Tunisia,4,2,3,0,1,3,5,5,0,5,1,20,0
Dries Mertens,"MF,FW", Belgium,2,0,1,1,0,2,1,0,0,0,0,0,0
Lionel Messi,FW, Argentina,5,3,1,3,1,0,2,2,0,2,0,0,0
Thomas Meunier,DF, Belgium,6,6,3,3,0,4,1,1,0,1,2,5,0
Nikola Milenković,DF, Serbia,10,5,4,5,1,5,1,6,4,2,6,10,1
Arkadiusz Milik,"FW,MF", Poland,0,0,0,0,0,0,2,1,0,1,0,0,0
Sergej Milinković-Savić,MF, Serbia,5,1,2,3,0,3,1,5,2,3,2,5,0
Vanja Milinković-Savić,GK, Serbia,0,0,0,0,0,0,0,0,0,0,1,2,0
Éder Militão,DF, Brazil,7,6,4,1,2,3,1,1,0,1,3,5,0
Liam Millar,DF, Canada,0,0,0,0,0,0,0,0,0,0,0,0,0
Kamal Miller,DF, Canada,6,4,5,1,0,2,1,1,1,0,4,11,1
Kim Min-jae,DF, Korea Republic,2,1,2,0,0,1,0,5,1,4,2,8,0
Takumi Minamino,FW, Japan,2,1,1,1,0,2,0,0,0,0,0,1,0
Kaoru Mitoma,MF, Japan,7,2,6,0,1,3,0,4,1,3,2,5,0
Aleksandar Mitrović,FW, Serbia,1,0,0,0,1,1,0,1,0,1,0,1,0
Stefan Mitrović,DF, Serbia,0,0,0,0,0,0,2,0,0,0,0,0,0
Filip Mladenović,DF, Serbia,0,0,0,0,0,0,2,1,0,1,0,1,0
Luka Modrić,MF, Croatia,16,10,4,11,1,7,7,4,2,2,10,3,0
Ismaeel Mohammad,DF, Qatar,3,2,1,1,1,1,0,2,0,2,2,1,0
Milad Mohammadi,DF, IR Iran,10,3,7,3,0,3,1,2,0,2,1,6,0
Kudus Mohammed,"FW,MF", Ghana,5,4,3,0,2,1,1,4,0,4,1,0,0
Sadegh Moharrami,DF, IR Iran,1,1,0,1,0,0,2,1,0,1,1,3,0
Nahuel Molina,DF, Argentina,8,4,6,2,0,4,4,7,1,6,3,11,0
César Montes,DF, Mexico,6,3,2,4,0,3,0,0,0,0,2,11,0
Gonzalo Montiel,"DF,MF", Argentina,3,2,2,1,0,2,2,1,0,1,1,1,0
Kim Moonhwan,DF, Korea Republic,9,4,6,2,1,5,1,3,1,2,4,16,0
Kieffer Moore,FW,s Wales,1,0,1,0,0,0,0,3,1,2,2,7,0
Shaquell Moore,DF, United States,2,2,1,1,0,2,0,0,0,0,0,3,0
Aaron Mooy,MF, Australia,9,6,4,4,1,6,2,6,4,2,3,9,0
Álvaro Morata,FW, Spain,1,1,1,0,0,1,1,2,1,1,0,2,0
Héctor Moreno,DF, Mexico,2,1,2,0,0,1,0,2,1,1,1,4,0
Hidemasa Morita,MF, Japan,0,0,0,0,0,0,0,9,2,7,3,4,0
Joe Morrell,MF,s Wales,3,2,1,2,0,0,1,2,0,2,1,0,0
Jordan Morris,"FW,DF", United States,0,0,0,0,0,0,0,0,0,0,0,0,0
Youssoufa Moukoko,FW, Germany,0,0,0,0,0,0,0,0,0,0,0,0,0
Mason Mount,MF,g England,2,2,1,0,1,0,0,2,0,2,0,0,0
Youssef Msakni,"MF,FW", Tunisia,3,1,1,2,0,0,1,2,1,1,0,1,0
Thomas Müller,"FW,MF", Germany,2,2,0,1,1,1,1,4,0,4,1,0,0
Munir,GK, Morocco,0,0,0,0,0,0,0,0,0,0,0,0,0
Mohammed Muntari,"FW,MF", Qatar,2,2,1,1,0,1,0,0,0,0,0,2,0
Yunus Musah,MF, United States,8,6,4,4,0,1,2,7,0,7,2,1,0
Jamal Musiala,"MF,FW", Germany,1,1,0,0,1,1,1,3,1,2,1,0,0
Joakim Mæhle,DF, Denmark,9,5,4,3,2,5,2,7,3,4,2,6,0
Georges-Kévin N'Koudou,"FW,MF", Cameroon,0,0,0,0,0,0,0,0,0,0,0,0,0
Yuto Nagatomo,"MF,DF", Japan,4,2,1,2,1,1,0,2,0,2,0,3,0
Sami Al-Najei,MF, Saudi Arabia,0,0,0,0,0,0,0,1,0,1,0,0,0
Keylor Navas,GK, Costa Rica,1,0,1,0,0,1,0,0,0,0,1,2,1
Iliman Ndiaye,"FW,MF", Senegal,0,0,0,0,0,0,2,2,0,2,1,0,0
Victor Nelsson,DF, Denmark,0,0,0,0,0,0,1,2,1,1,2,1,0
Manuel Neuer,GK, Germany,0,0,0,0,0,0,0,0,0,0,0,0,2
Rúben Neves,MF, Portugal,2,1,0,0,2,0,6,3,1,2,3,5,0
Neymar,MF, Brazil,1,0,0,1,0,0,0,2,0,2,1,0,0
Moumi Ngamaleu,"FW,MF", Cameroon,3,1,2,1,0,1,0,0,0,0,0,0,0
Jerome Ngom Mbekeli,MF, Cameroon,0,0,0,0,0,0,0,0,0,0,0,1,0
Rasmus Nissen,DF, Denmark,8,7,5,3,0,4,4,3,1,2,1,7,0
Nicolas Nkoulou,DF, Cameroon,2,0,2,0,0,0,2,2,0,2,5,8,1
Andries Noppert,GK, Netherlands,0,0,0,0,0,0,0,0,0,0,0,4,0
Ahmad Nourollahi,MF, IR Iran,4,3,1,1,2,1,1,3,0,3,6,8,0
Olivier Ntcham,MF, Cameroon,0,0,0,0,0,0,0,0,0,0,0,1,0
Matheus Nunes,MF, Portugal,0,0,0,0,0,0,0,1,0,1,0,0,0
Darwin Núñez,FW, Uruguay,3,2,1,2,0,1,1,2,0,2,0,2,0
Christian Nørgaard,MF, Denmark,0,0,0,0,0,0,0,0,0,0,0,0,0
Guillermo Ochoa,GK, Mexico,0,0,0,0,0,0,0,0,0,0,0,0,0
Denis Odoi,DF, Ghana,1,0,1,0,0,1,0,2,2,0,0,2,0
Noah Okafor,"FW,MF", Switzerland,0,0,0,0,0,0,0,1,0,1,0,0,0
Mathías Olivera,DF, Uruguay,9,5,7,2,0,4,3,9,0,9,2,10,0
Dani Olmo,FW, Spain,5,3,0,3,2,1,1,5,0,5,1,4,0
Amadou Onana,MF, Belgium,4,1,2,2,0,1,1,1,0,1,0,0,0
André Onana,GK, Cameroon,0,0,0,0,0,0,0,0,0,0,0,0,0
Gaël Ondoua,MF, Cameroon,2,1,0,2,0,1,0,1,0,1,2,0,0
Loïs Openda,FW, Belgium,1,0,0,1,0,0,0,1,0,1,0,0,0
Mislav Oršić,FW, Croatia,3,3,1,1,1,2,4,2,0,2,0,1,0
Jonathan Osorio,"MF,FW", Canada,2,1,0,1,1,2,2,0,0,0,1,1,0
Nicolás Otamendi,DF, Argentina,10,6,7,3,0,5,2,6,2,4,9,24,0
Otávio,MF, Portugal,7,7,1,5,1,3,2,0,0,0,1,1,0
Samuel Oum Gouet,MF, Cameroon,1,1,0,1,0,0,0,0,0,0,0,3,0
Azzedine Ounahi,MF, Morocco,9,8,4,5,0,7,2,5,1,4,7,2,0
Bryan Oviedo,DF, Costa Rica,6,5,3,2,1,4,2,3,1,2,3,7,0
Mohammed Al-Owais,GK, Saudi Arabia,0,0,0,0,0,0,1,0,0,0,0,4,0
Juan Pablo Vargas,DF, Costa Rica,4,3,4,0,0,3,0,0,0,0,2,10,0
Exequiel Palacios,"MF,DF", Argentina,0,0,0,0,0,0,2,0,0,0,2,1,0
João Palhinha,MF, Portugal,2,1,1,1,0,0,1,1,0,1,1,1,0
Lucas Paquetá,MF, Brazil,7,5,5,1,1,2,3,5,1,4,2,4,0
Leandro Paredes,MF, Argentina,10,4,4,6,0,3,1,0,0,0,3,4,0
Thomas Partey,MF, Ghana,9,5,8,1,0,4,0,8,2,6,0,8,0
Mario Pašalić,"FW,MF", Croatia,7,5,2,4,1,3,4,6,2,4,3,3,0
Benjamin Pavard,DF, France,0,0,0,0,0,0,0,3,0,3,1,0,0
Strahinja Pavlović,DF, Serbia,7,2,4,3,0,3,3,6,1,5,1,7,0
Pedri,MF, Spain,4,2,2,2,0,1,5,5,0,5,4,3,0
Pedro,FW, Brazil,2,2,2,0,0,1,0,0,0,0,1,0,0
Facundo Pellistri,"MF,FW", Uruguay,2,1,0,1,1,1,1,1,0,1,0,2,0
Pepe,DF, Portugal,5,0,4,1,0,3,1,6,4,2,6,11,0
Danilo Pereira,DF, Portugal,2,2,1,1,0,2,0,1,1,0,3,3,1
Ivan Perišić,"FW,DF", Croatia,7,4,3,4,0,5,2,9,1,8,7,12,0
Bruno Petković,FW, Croatia,6,4,1,3,2,0,1,3,2,1,0,0,0
Germán Pezzella,DF, Argentina,0,0,0,0,0,0,0,0,0,0,0,0,0
Kalvin Phillips,MF,g England,0,0,0,0,0,0,0,0,0,0,0,1,0
Krzysztof Piątek,FW, Poland,0,0,0,0,0,0,0,0,0,0,0,0,0
Jordan Pickford,GK,g England,0,0,0,0,0,0,0,0,0,0,0,2,0
Orbelín Pineda,MF, Mexico,4,3,2,1,1,2,1,2,0,2,0,0,0
Gonzalo Plata,"MF,FW", Ecuador,3,2,2,1,0,2,6,3,0,3,2,0,0
Jackson Porozo,DF, Ecuador,2,2,1,1,0,0,0,1,0,1,3,4,0
Morteza Pouraliganji,DF, IR Iran,2,2,0,1,1,1,1,5,3,2,6,10,0
Ángelo Preciado,DF, Ecuador,7,5,3,3,1,2,2,2,0,2,6,4,0
Christian Pulisic,"FW,MF", United States,2,0,0,0,2,0,1,2,0,2,0,1,0
Adrien Rabiot,MF, France,12,9,4,6,2,4,3,12,2,10,10,6,0
Nemanja Radonjić,"DF,FW", Serbia,0,0,0,0,0,0,1,0,0,0,0,1,0
Baba Rahman,DF, Ghana,5,3,1,2,2,3,0,1,0,1,1,3,1
Gonçalo Ramos,"FW,MF", Portugal,1,1,0,1,0,1,1,0,0,0,0,2,0
Aaron Ramsey,MF,s Wales,2,0,0,2,0,0,2,4,1,3,0,2,1
Raphinha,FW, Brazil,8,6,3,2,3,6,2,3,0,3,3,0,0
Marcus Rashford,FW,g England,1,0,0,0,1,1,1,2,0,2,1,1,0
David Raum,DF, Germany,6,3,4,1,1,3,3,10,1,9,7,2,0
Bassam Al-Rawi,DF, Qatar,0,0,0,0,0,0,1,0,0,0,0,7,0
Tim Ream,DF, United States,4,3,1,3,0,3,0,2,1,1,4,12,0
Djorkaeff Reasco,FW, Ecuador,0,0,0,0,0,0,0,0,0,0,0,0,0
Gio Reyna,FW, United States,0,0,0,0,0,0,0,1,0,1,0,0,0
Ramin Rezaeian,DF, IR Iran,7,5,5,2,0,3,4,1,0,1,3,2,0
Everton Ribeiro,MF, Brazil,1,0,1,0,0,1,0,0,0,0,0,0,0
Declan Rice,MF,g England,6,5,0,5,1,0,1,4,3,1,11,5,0
Richarlison,FW, Brazil,2,2,0,1,1,0,0,4,0,4,1,4,0
Fabian Rieder,FW, Switzerland,3,2,1,1,1,1,1,2,0,2,0,1,0
Ró-Ró,DF, Qatar,6,4,3,2,1,1,1,2,0,2,8,3,0
Connor Roberts,DF,s Wales,3,3,2,1,0,2,1,2,2,0,1,7,0
Antonee Robinson,DF, United States,5,4,5,0,0,3,4,3,0,3,7,8,0
Sergio Rochet,GK, Uruguay,0,0,0,0,0,0,0,0,0,0,0,1,1
Joe Rodon,DF,s Wales,2,2,1,1,0,1,1,2,2,0,4,13,0
Rodri,DF, Spain,5,2,3,1,1,2,0,3,2,1,3,9,0
Charly Rodríguez,MF, Mexico,0,0,0,0,0,0,1,2,0,2,0,0,0
Guido Rodríguez,MF, Argentina,2,0,1,1,0,2,0,1,1,0,0,1,0
Kevin Rodríguez,FW, Ecuador,1,0,0,1,0,0,0,1,0,1,0,0,0
Ricardo Rodríguez,DF, Switzerland,7,2,4,3,0,2,1,1,0,1,0,8,0
Rodrygo,"MF,FW", Brazil,4,1,0,1,3,0,4,6,1,5,2,1,0
Mohamed Ali Ben Romdhane,MF, Tunisia,5,4,1,4,0,3,0,1,0,1,0,0,0
Cristian Romero,DF, Argentina,5,3,4,1,0,4,4,6,4,2,4,26,0
Cristiano Ronaldo,FW, Portugal,0,0,0,0,0,0,0,0,0,0,0,1,1
Marten de Roon,MF, Netherlands,7,5,3,3,1,1,4,4,0,4,2,6,0
Kye Rowles,DF, Australia,8,2,5,3,0,4,3,9,7,2,7,16,1
Antonio Rüdiger,DF, Germany,2,1,1,1,0,0,0,3,2,1,0,5,1
Bryan Ruiz,MF, Costa Rica,1,1,0,1,0,1,0,1,1,0,0,0,0
Mathew Ryan,GK, Australia,0,0,0,0,0,0,0,0,0,0,0,6,1
Youssouf Sabaly,DF, Senegal,6,6,4,1,1,3,2,1,0,1,4,9,0
Abdelhamid Sabiri,MF, Morocco,3,1,1,2,0,2,4,3,1,2,5,3,0
Romain Saïss,DF, Morocco,5,2,2,2,1,2,3,3,1,2,3,30,1
Bukayo Saka,FW,g England,7,4,2,2,3,1,1,5,1,4,2,2,0
Hiroki Sakai,"MF,DF", Japan,5,4,3,1,1,2,2,2,2,0,1,8,0
Youstin Salas,"DF,MF", Costa Rica,5,1,4,1,0,3,4,3,1,2,0,1,0
William Saliba,DF, France,0,0,0,0,0,0,0,1,0,1,0,0,0
Mohammed Salisu,DF, Ghana,2,1,2,0,0,1,0,5,4,1,3,17,0
Tarek Salman,DF, Qatar,1,0,1,0,0,0,0,0,0,0,1,0,0
Alex Sandro,DF, Brazil,8,3,6,2,0,2,0,1,0,1,3,9,0
Leroy Sané,"FW,DF", Germany,1,1,1,0,0,0,4,2,0,2,0,1,0
Na Sang-ho,FW, Korea Republic,4,1,0,3,1,1,0,0,0,0,0,2,0
Pablo Sarabia,FW, Spain,0,0,0,0,0,0,0,0,0,0,0,0,0
Josh Sargent,FW, United States,0,0,0,0,0,0,1,1,0,1,1,0,0
Jeremy Sarmiento,"MF,FW", Ecuador,2,1,0,1,1,0,1,0,0,0,1,0,0
Ismaila Sarr,"FW,MF", Senegal,4,2,1,2,1,2,1,2,0,2,2,1,0
Ferjani Sassi,"MF,DF", Tunisia,2,0,0,2,0,1,0,1,0,1,1,0,0
Fabian Schär,DF, Switzerland,2,1,1,1,0,1,0,1,1,0,2,7,0
Nico Schlotterbeck,DF, Germany,4,3,2,2,0,3,0,2,1,1,1,1,0
Kasper Schmeichel,GK, Denmark,0,0,0,0,0,0,0,0,0,0,0,0,0
Haris Seferović,FW, Switzerland,0,0,0,0,0,0,0,2,2,0,0,0,0
Alidu Seidu,DF, Ghana,6,4,5,1,0,2,0,5,0,5,0,3,0
Antoine Semenyo,"FW,MF", Ghana,0,0,0,0,0,0,0,0,0,0,0,0,0
Kim Seung-gyu,GK, Korea Republic,0,0,0,0,0,0,0,0,0,0,2,2,0
Paik Seung-ho,MF, Korea Republic,3,2,1,2,0,2,0,0,0,0,0,0,0
Yasser Al-Shahrani,DF, Saudi Arabia,3,1,0,3,0,1,0,0,0,0,6,6,0
Xherdan Shaqiri,"FW,MF", Switzerland,0,0,0,0,0,0,1,0,0,0,0,0,0
Riyadh Sharahili,MF, Saudi Arabia,0,0,0,0,0,0,0,1,1,0,2,4,0
Luke Shaw,DF,g England,3,1,1,0,2,1,1,2,0,2,4,5,0
Saad Al Sheeb,GK, Qatar,0,0,0,0,0,0,0,0,0,0,0,0,0
Saleh Al-Shehri,FW, Saudi Arabia,3,1,0,1,2,0,1,3,1,2,0,2,0
André Silva,FW, Portugal,0,0,0,0,0,0,0,0,0,0,0,0,0
António Silva,DF, Portugal,1,1,0,1,0,1,1,2,1,1,1,1,0
Bernardo Silva,MF, Portugal,2,2,0,2,0,1,0,3,0,3,2,0,0
Thiago Silva,DF, Brazil,3,1,0,2,1,0,0,3,1,2,5,6,0
Unai Simón,GK, Spain,0,0,0,0,0,0,0,0,0,0,0,2,3
Xavi Simons,"FW,MF", Netherlands,1,0,1,0,0,0,1,0,0,0,0,0,0
Ellyes Skhiri,MF, Tunisia,10,3,4,6,0,5,2,2,0,2,7,3,0
Michał Skóraś,MF, Poland,0,0,0,0,0,0,0,1,0,1,1,0,0
Andreas Skov Olsen,"FW,MF", Denmark,0,0,0,0,0,0,1,3,1,2,1,0,0
Robert Skov,DF, Denmark,0,0,0,0,0,0,0,0,0,0,0,0,0
Naïm Sliti,"MF,FW", Tunisia,3,1,0,2,1,0,1,0,0,0,0,1,0
Carlos Soler,MF, Spain,0,0,0,0,0,0,0,0,0,0,0,0,0
Yuki Soma,"FW,MF", Japan,2,0,0,2,0,0,1,0,0,0,0,0,0
Yann Sommer,GK, Switzerland,0,0,0,0,0,0,0,0,0,0,0,0,0
Borna Sosa,DF, Croatia,14,6,9,3,2,10,2,4,0,4,2,18,0
Harry Souttar,DF, Australia,4,0,3,1,0,2,1,7,4,3,6,22,0
Djibril Sow,MF, Switzerland,2,1,0,2,0,0,1,0,0,0,2,0,0
Josip Stanišić,DF, Croatia,3,3,0,3,0,2,0,0,0,0,1,0,0
Renato Steffen,FW, Switzerland,0,0,0,0,0,0,0,1,0,1,0,0,0
Raheem Sterling,FW,g England,1,1,0,1,0,0,2,1,0,1,1,0,0
John Stones,DF,g England,2,2,2,0,0,2,0,3,3,0,1,8,0
Luis Suárez,FW, Uruguay,1,0,0,0,1,0,3,0,0,0,0,2,0
Niklas Süle,DF, Germany,5,4,4,1,0,3,0,1,1,0,0,7,0
Kamaldeen Sulemana,FW, Ghana,0,0,0,0,0,0,0,0,0,0,0,2,0
Josip Šutalo,DF, Croatia,0,0,0,0,0,0,0,1,1,0,0,5,0
Karol Świderski,FW, Poland,4,1,1,1,2,2,1,0,0,0,2,0,0
Wojciech Szczęsny,GK, Poland,0,0,0,0,0,0,0,0,0,0,0,4,0
Damian Szymański,MF, Poland,0,0,0,0,0,0,1,0,0,0,1,0,0
Sebastian Szymański,MF, Poland,6,3,3,2,1,0,1,4,1,3,2,1,0
Dušan Tadić,"MF,FW", Serbia,4,2,0,4,0,2,1,4,1,3,1,0,0
Nicolás Tagliafico,DF, Argentina,7,7,2,3,2,4,0,9,1,8,9,9,0
Montassar Talbi,DF, Tunisia,2,2,1,1,0,0,0,7,1,6,2,18,0
Hassan Al Tambakti,DF, Saudi Arabia,4,2,3,1,0,3,2,3,2,1,3,6,0
Ao Tanaka,MF, Japan,3,1,3,0,0,1,0,5,1,4,3,2,0
Shogo Taniguchi,DF, Japan,1,0,0,1,0,0,0,2,2,0,1,10,0
Mehdi Taremi,FW, IR Iran,4,3,2,2,0,2,3,5,1,4,2,3,0
Kenneth Taylor,MF, Netherlands,0,0,0,0,0,0,0,0,0,0,0,0,0
Aurélien Tchouaméni,MF, France,11,4,4,6,1,3,4,3,1,2,14,6,0
Yeltsin Tejeda,MF, Costa Rica,4,2,3,1,0,1,5,7,5,2,1,7,0
Alex Telles,DF, Brazil,2,2,0,1,1,1,0,0,0,0,0,1,0
Sorba Thomas,MF,s Wales,1,1,1,0,0,0,0,0,0,0,0,0,0
Marcus Thuram,"FW,MF", France,3,2,1,1,1,0,0,2,0,2,0,2,0
Youri Tielemans,MF, Belgium,3,1,1,2,0,1,0,4,1,3,2,0,0
Jurriën Timber,DF, Netherlands,12,6,5,7,0,6,0,1,0,1,10,13,0
Karl Toko Ekambi,"FW,MF", Cameroon,1,1,0,1,0,0,1,1,0,1,2,0,0
Nouhou Tolo,DF, Cameroon,8,5,8,0,0,3,2,5,2,3,6,10,0
Takehiro Tomiyasu,"DF,MF", Japan,0,0,0,0,0,0,0,2,2,0,0,7,1
Mehdi Torabi,MF, IR Iran,1,0,1,0,0,1,2,1,0,1,2,0,0
Félix Torres Caicedo,DF, Ecuador,2,2,2,0,0,2,1,3,2,1,4,10,0
Ferrán Torres,FW, Spain,0,0,0,0,0,0,2,1,0,1,0,0,0
Gerson Torres,MF, Costa Rica,0,0,0,0,0,0,2,1,0,1,0,0,0
Pau Torres,DF, Spain,0,0,0,0,0,0,0,1,1,0,0,2,0
Kieran Trippier,DF,g England,6,4,4,2,0,5,1,3,1,2,1,4,0
Leandro Trossard,"FW,MF", Belgium,1,1,0,1,0,1,0,1,0,1,0,0,0
Matt Turner,GK, United States,0,0,0,0,0,0,0,0,0,0,0,1,0
Ayase Ueda,FW, Japan,0,0,0,0,0,0,1,1,1,0,0,2,0
Hwang Ui-jo,"FW,MF", Korea Republic,0,0,0,0,0,0,2,0,0,0,0,1,0
Dayot Upamecano,DF, France,11,7,10,1,0,6,0,5,4,1,6,13,0
Enner Valencia,"FW,MF", Ecuador,2,0,0,2,0,0,1,3,0,3,1,2,0
Federico Valverde,MF, Uruguay,7,4,3,4,0,5,1,6,0,6,5,1,0
Virgil van Dijk,DF, Netherlands,2,1,0,2,0,1,1,8,7,1,4,21,0
Raphaël Varane,DF, France,1,0,0,1,0,0,2,4,3,1,6,15,0
Guillermo Varela,DF, Uruguay,3,2,2,1,0,3,1,1,0,1,3,1,0
Ruben Vargas,FW, Switzerland,0,0,0,0,0,0,0,2,0,2,1,4,0
Matías Vecino,MF, Uruguay,4,3,1,2,1,1,2,6,2,4,4,1,0
Alexis Vega,FW, Mexico,0,0,0,0,0,0,0,1,0,1,1,2,0
Miloš Veljković,DF, Serbia,4,1,4,0,0,2,0,2,2,0,0,7,0
Johan Venegas,"FW,MF", Costa Rica,0,0,0,0,0,0,1,0,0,0,0,2,0
Jordan Veretout,MF, France,2,0,0,2,0,1,0,0,0,0,0,2,0
Jan Vertonghen,DF, Belgium,0,0,0,0,0,0,1,2,2,0,5,12,0
Matías Viña,DF, Uruguay,4,3,4,0,0,2,0,0,0,0,0,0,0
Vitinha,MF, Portugal,3,2,1,1,1,2,2,0,0,0,1,1,0
Steven Vitória,DF, Canada,3,3,1,2,0,3,0,4,2,2,0,7,0
Dušan Vlahović,FW, Serbia,1,0,1,0,0,1,0,0,0,0,0,0,0
Nikola Vlašić,"FW,MF", Croatia,1,1,1,0,0,0,1,2,0,2,1,0,0
Mohammed Waad,"MF,DF", Qatar,0,0,0,0,0,0,0,1,0,1,1,1,0
Kyle Walker,DF,g England,3,1,2,1,0,3,2,2,0,2,3,3,0
Danny Ward,GK,s Wales,0,0,0,0,0,0,0,0,0,0,0,0,1
Kendall Waston,DF, Costa Rica,7,4,6,1,0,3,1,2,1,1,5,14,0
Timothy Weah,FW, United States,0,0,0,0,0,0,1,5,0,5,0,0,0
Wout Weghorst,FW, Netherlands,0,0,0,0,0,0,0,1,1,0,0,1,0
Wéverton,GK, Brazil,0,0,0,0,0,0,0,0,0,0,0,0,0
Silvan Widmer,DF, Switzerland,10,6,9,1,0,6,0,3,0,3,2,15,0
Iñaki Williams,FW, Ghana,4,2,0,1,3,1,1,3,0,3,0,2,0
Neco Williams,DF,s Wales,5,3,3,0,2,3,1,5,1,4,4,5,0
Nico Williams,FW, Spain,4,2,1,2,1,1,0,2,0,2,0,0,0
Callum Wilson,FW,g England,0,0,0,0,0,0,0,0,0,0,0,0,0
Harry Wilson,"MF,FW",s Wales,4,2,1,3,0,1,0,1,0,1,1,3,0
Roan Wilson,MF, Costa Rica,0,0,0,0,0,0,0,1,0,1,0,1,0
Axel Witsel,MF, Belgium,4,2,1,3,0,1,0,5,1,4,4,6,0
Jeong Woo-yeong,MF, Korea Republic,0,0,0,0,0,0,0,0,0,0,0,1,0
Jung Woo-young,MF, Korea Republic,5,4,3,2,0,2,1,3,1,2,3,7,0
Christopher Wooh,DF, Cameroon,1,0,0,1,0,1,1,3,2,1,1,6,0
David Wotherspoon,MF, Canada,0,0,0,0,0,0,0,1,0,1,0,0,0
Bailey Wright,DF, Australia,0,0,0,0,0,0,0,0,0,0,0,2,0
Haji Wright,FW, United States,2,0,1,1,0,2,0,0,0,0,0,1,0
Granit Xhaka,MF, Switzerland,6,4,1,5,0,4,2,3,2,1,2,7,0
Miki Yamane,"DF,MF", Japan,1,0,0,1,0,0,0,2,0,2,2,0,0
Jawad El Yamiq,DF, Morocco,4,2,4,0,0,3,0,6,6,0,5,17,0
Taha Yassine Khenissi,FW, Tunisia,0,0,0,0,0,0,0,0,0,0,0,0,0
DeAndre Yedlin,DF, United States,2,1,1,1,0,2,0,0,0,0,0,2,0
Maya Yoshida,DF, Japan,4,4,0,4,0,1,0,6,3,3,3,24,0
Kim Young-gwon,DF, Korea Republic,3,2,3,0,0,1,1,3,2,1,3,11,0
Cho Yumin,FW, Korea Republic,0,0,0,0,0,0,0,0,0,0,0,0,0
Denis Zakaria,MF, Switzerland,0,0,0,0,0,0,0,1,0,1,3,1,0
Nicola Zalewski,MF, Poland,4,0,4,0,0,2,2,1,0,1,0,0,0
Andre-Frank Zambo Anguissa,MF, Cameroon,4,0,3,0,1,1,2,2,0,2,5,2,0
Álvaro Zamora,MF, Costa Rica,2,0,0,1,1,1,0,0,0,0,1,0,0
Anass Zaroury,FW, Morocco,0,0,0,0,0,0,0,2,0,2,0,0,0
Piotr Zieliński,"MF,FW", Poland,7,5,3,3,1,1,3,1,0,1,1,7,0
Walker Zimmerman,DF, United States,3,2,3,0,0,3,1,4,3,1,4,15,0
Andrija Živković,DF, Serbia,5,3,2,2,1,2,1,5,0,5,3,3,0
Hakim Ziyech,FW, Morocco,10,7,4,5,1,4,7,10,0,10,10,4,1
Filip Đuričić,"MF,FW", Serbia,0,0,0,0,0,0,0,0,0,0,0,0,0
